Full Name,Work Time,Hourly Salary,Id
Kerrie Blaes,55,107.6,723-40-6512,5918
Joshuah Nerney,86,126.4,869-98-9020,10870.4
Eudora Slingsby,19,42.1,379-37-8300,799.9
Lay Sire,63,67,277-46-6437,4221
Kristin Goneau,81,68.2,707-71-5050,5524.2
Adelbert Brogiotti,36,43.9,627-42-3735,1580.4
Seana Colliss,61,128.5,700-90-2317,7838.5
Adora Gooke,14,69.5,217-96-9934,973
Torie Drever,83,95.4,342-50-1348,7918.2
Willette Khotler,44,66.8,170-79-1413,2939.2
Britt Heaysman,69,66.7,597-71-2697,4602.3
Pavel Risman,3,158.4,881-54-3898,475.2
Carena Di Biasi,43,140.1,397-13-1893,6024.3
Kelli Meale,36,148.6,867-38-0217,5349.6
Archer Narbett,99,22.5,661-99-9812,2227.5
Christye Courtman,20,62,681-12-2909,1240
Zolly Bather,74,101.5,231-23-1364,7511
Sande Tavner,89,37.8,279-17-6313,3364.2
Muffin Van der Son,14,144.6,117-50-9978,2024.4
Sheffy Dudding,1,41.7,178-64-7471,41.7
Park Thoday,83,60.5,897-38-9151,5021.5
Briant Elgey,44,1.5,346-80-4836,66
Kevyn Kneel,18,158.2,192-23-0759,2847.6
Kare Siebert,19,100.7,714-52-9303,1913.3
Barbra Pickover,4,29.4,701-22-4822,117.6
Ricca Corlett,63,92.7,530-59-3654,5840.1
Nichol Greggersen,75,23.7,218-27-0363,1777.5
Kara Napper,70,66.2,488-56-9939,4634
Wynny Josephoff,33,58.8,581-91-8699,1940.4
Jinny Rushe,5,133.3,367-97-6281,666.5
Zechariah Green,66,59,578-27-9746,3894
Leena Vanshin,94,57.8,517-36-1849,5433.2
De witt Bakeup,5,93.7,501-41-1547,468.5
Flor Mehaffey,42,159.5,459-47-3533,6699
Xena Andrysiak,11,109.2,728-08-2832,1201.2
Cathryn Leirmonth,91,143,643-31-2537,13013
Auria Learmonth,55,129.5,857-28-5937,7122.5
Francesco Alvis,33,44.1,449-27-8460,1455.3
Ramsey Tillot,10,77.9,318-87-1711,779
Kenyon Etches,6,142.4,228-42-2786,854.4
Taffy McVicker,78,33.5,601-47-7926,2613
Marysa Hewkin,82,139.8,312-38-9800,11463.6
Nickolaus Niess,11,71.6,179-85-4402,787.6
Ivette McCreery,95,80.6,203-65-8816,7657
Jake Vollam,69,100.9,768-79-9691,6962.1
Osbourn Keppin,52,88.4,394-65-5807,4596.8
Harbert Godwin,45,151.1,245-86-9141,6799.5
Sigismundo Elsbury,80,154.2,270-63-2700,12336
Carlyle Fritz,47,141.8,682-74-6721,6664.6
Brig Tweddle,56,84.5,606-89-4101,4732
Cristen Alves,64,77.8,104-19-6548,4979.2
Dotti Bloxsum,46,59,887-97-8433,2714
Berti Pickerin,86,82,822-73-7358,7052
Vyky Stanluck,43,49.2,779-62-0660,2115.6
Dulce Murphey,35,138.6,753-26-0792,4851
Tamma De Vile,24,6,253-93-4545,144
Deane Walczynski,48,20.2,763-46-9254,969.6
Linda Billington,24,84.1,562-08-3081,2018.4
Gray Thomesson,40,73.8,588-51-2648,2952
Ginelle Bausmann,59,25.9,514-08-7779,1528.1
Chickie Broggini,57,87.9,154-69-2857,5010.3
Natalina Carillo,18,103.2,375-08-1428,1857.6
Onofredo Sharplin,74,76.5,298-97-8426,5661
Doy Diggell,51,13.9,344-08-1082,708.9
Betti Trapp,72,78.4,430-45-9565,5644.8
Lon Rizzo,67,17.7,240-57-2095,1185.9
Ibbie Pucknell,6,155.7,341-99-7415,934.2
Lil Bugg,53,74.8,863-14-3020,3964.4
Stace Brogiotti,76,158.8,357-89-2165,12068.8
Walton Goldwater,51,101,823-95-7863,5151
Germayne Smorthit,2,88.1,540-42-3066,176.2
Caresa Sloane,57,150.8,479-10-0102,8595.6
Madlen Caney,82,100.4,286-24-6379,8232.8
Fairfax Tivers,23,61.9,617-79-8534,1423.7
Hi Elgie,88,132.1,594-10-5654,11624.8
Noby Quinnette,67,29.9,566-39-4976,2003.3
Brendis Butten,9,19.1,235-23-3729,171.9
Liam Quaintance,23,32.7,796-65-3092,752.1
Gauthier Thurling,67,111.7,411-28-1655,7483.9
Elvina Roskam,3,100.7,645-23-0806,302.1
Reamonn Osbaldstone,87,13.7,149-85-4655,1191.9
Mose Barti,72,52,383-90-4048,3744
Maire Facchini,35,35.2,504-66-3961,1232
Morgana Tredgold,17,118.6,848-22-9540,2016.2
Baily Goude,33,83.4,123-52-0079,2752.2
Verina Darrington,62,103.9,386-68-5298,6441.8
Vivia Highway,41,24.1,862-95-7095,988.1
Winthrop Castard,71,96.8,308-75-6598,6872.8
Sawyere Yakov,55,51.1,629-33-1631,2810.5
Jerald Britzius,71,112.6,656-30-6390,7994.6
Yank Karlolczak,52,140.4,845-68-2051,7300.8
Christoph Lauderdale,36,40.4,638-29-6601,1454.4
Danit Von Der Empten,1,119.6,114-55-1356,119.6
Dorey Boik,60,39.1,842-24-2065,2346
Amble McCully,22,58.6,286-97-0141,1289.2
Giraldo Jedryka,34,110.1,197-04-3768,3743.4
Manolo Rosenberg,66,141.1,824-19-4595,9312.6
Bonita Tal,82,1.4,525-41-2405,114.8
Paulo Crossgrove,15,33.2,307-03-8780,498
Berrie Winstanley,51,138.7,266-24-1335,7073.7
Viki Renton,15,22.3,616-22-8886,334.5
Henka Guion,69,21.4,386-64-8316,1476.6
Lucinda MacMoyer,76,50.6,309-20-4168,3845.6
Rosmunda Briars,29,86.9,336-44-6660,2520.1
Jenna Rickis,3,70.3,657-01-5341,210.9
Igor Skillen,65,82.2,494-76-3407,5343
Wayne Vescovo,34,73.5,453-87-9973,2499
Leila Showt,81,134.1,313-28-3087,10862.1
Blake Streets,33,23.3,777-22-0539,768.9
Brooks Worthington,97,123.4,303-76-7648,11969.8
Matty Dale,68,146.6,680-66-2638,9968.8
Pansie Maydwell,18,55.3,671-55-0117,995.4
Yale Jaeggi,10,135.9,256-22-5468,1359
Sashenka Udell,13,58.4,859-62-5563,759.2
Cristal Gommey,94,27.6,556-75-6484,2594.4
Lanna Bleeze,85,74.3,367-91-6249,6315.5
Timi Ruoss,87,41.6,350-82-9823,3619.2
Matty Lubeck,1,22.3,791-36-5541,22.3
Gus Sainsbury,60,130,369-31-4781,7800
Bordy Fleckno,34,9.1,456-81-0728,309.4
Luelle Wareham,24,129.9,217-30-7443,3117.6
Alonzo Roly,44,32.4,425-93-1551,1425.6
Halie Beldam,34,41.9,147-30-0657,1424.6
Kellby Gudgin,36,136.2,819-01-0206,4903.2
Parry Critchard,29,112.9,778-30-1647,3274.1
Margareta Jannaway,29,118.1,460-64-8373,3424.9
Karl Huie,1,32,481-32-7771,32
Scarface Hawking,31,116.8,212-47-9822,3620.8
Salomo Wellstood,99,37.6,105-51-5019,3722.4
Merv Gimbart,58,77.1,847-17-6730,4471.8
Roddie Paskerful,81,46,850-84-4099,3726
Nomi Frow,87,65.3,567-39-0044,5681.1
Iain Mitro,66,42.3,424-36-7388,2791.8
Sheeree Walburn,98,150.5,502-17-6520,14749
Kiersten Kennelly,43,154.1,568-39-2672,6626.3
Orland Reynold,73,87.7,893-58-3563,6402.1
Stacee Longdon,1,88,409-20-2340,88
Cynthia Drury,55,93.6,126-52-4613,5148
Bat Chellam,51,158.9,225-91-4324,8103.9
Redford McPaike,46,150.1,475-10-3759,6904.6
Rustie Rosenshine,58,94.1,208-85-9841,5457.8
Krystalle Filippo,49,13.2,847-24-6041,646.8
Warren Renac,86,150.2,515-44-2826,12917.2
Archaimbaud Jiroutka,14,76.3,387-80-7897,1068.2
Bald Garlicke,13,44.9,193-80-9516,583.7
Bartlett Taft,86,158.1,594-56-8628,13596.6
Tedie Bodleigh,42,85.5,449-44-0745,3591
Chris Newband,83,59.1,270-53-7704,4905.3
Gary Morley,81,90.8,706-12-6556,7354.8
Nertie Coppard,9,149.3,497-60-2851,1343.7
Dalton Lerer,86,78.3,663-60-1772,6733.8
Andee Flanner,74,34.4,837-84-6008,2545.6
Hart Townrow,28,150,735-26-2039,4200
Tootsie Maunders,36,73.4,626-67-0617,2642.4
Herta Scurrey,48,54.6,167-17-0439,2620.8
Cirstoforo Faulkener,100,94.6,331-64-3090,9460
Rafael Blowne,75,113.3,243-20-2318,8497.5
Elisha Abrahamson,22,19.1,441-24-1107,420.2
Egbert Pendlebury,20,104.2,211-38-8169,2084
Doro Burds,80,16.2,725-82-9333,1296
Christiana Eede,92,117,146-15-3972,10764
Patty Leaning,40,97.9,721-45-4878,3916
Torrey Fautly,24,109.3,145-40-6501,2623.2
Libbie Hawkyens,89,116.4,728-62-5849,10359.6
Beryl Bracci,23,126.6,287-98-8231,2911.8
Claudie Kuhl,44,76.1,470-12-6262,3348.4
Corri Le Page,94,64,400-73-6179,6016
May Fayer,11,29.9,395-89-3614,328.9
Harlin Stranio,12,37.8,703-07-2631,453.6
Xenos Cotterrill,87,18.2,355-48-3438,1583.4
Ingaborg Leborgne,63,72.6,532-31-3328,4573.8
Kurt Bebis,27,113.2,127-79-9460,3056.4
Bond Toleman,28,6.4,763-01-4751,179.2
Suzette Alexandrescu,62,113.4,224-19-5515,7030.8
Cindelyn Chartres,19,154.8,864-83-0494,2941.2
Delmar Cade,71,47.6,652-54-8688,3379.6
Eloisa Ledward,29,59.6,780-26-4595,1728.4
Blinni Tufts,24,139.1,760-72-1136,3338.4
Zorina Duddan,72,105.6,720-32-5770,7603.2
Terence Tilbury,62,77.1,846-33-0040,4780.2
Boothe McRory,77,89,466-42-1569,6853
Emmalynn Eaves,55,56.6,796-13-0249,3113
Kamila Hulle,3,15.4,898-43-9158,46.2
Ransom Baxendale,19,0.6,312-56-0017,11.4
Crystie Utterson,2,43.4,281-56-4595,86.8
Barri Cheson,49,91.6,698-86-1458,4488.4
Bryn Tournay,52,0.9,480-11-5885,46.8
Waylen Tabard,35,124,132-42-0235,4340
Wilt Rudsdell,32,87.7,390-73-5463,2806.4
Zacharie Kobera,51,67.2,188-82-2359,3427.2
Sol Martijn,11,87.4,570-82-1372,961.4
Eran Behnen,6,72.8,885-48-6715,436.8
Arv Hiner,16,38.4,460-06-2188,614.4
Prudence Blaxton,68,102.8,465-36-6411,6990.4
Alister Greves,39,108.7,639-66-4511,4239.3
Hurleigh Letcher,22,61.4,136-83-3205,1350.8
Anica Iozefovich,59,43.4,273-30-2749,2560.6
Jenica Smeeth,21,101,229-98-6063,2121
Barbee Conti,23,146.2,530-66-3825,3362.6
Saloma Plett,23,57.6,296-90-5968,1324.8
Christopher McEntagart,27,138.5,876-99-0841,3739.5
Fallon Sleigh,69,82.3,605-91-0824,5678.7
Parker Chirm,25,18,668-87-8322,450
Bard Korda,36,106.8,157-30-7662,3844.8
Vinnie Dabbs,66,134,575-33-8446,8844
Torry Sheircliffe,51,36.2,136-16-3180,1846.2
Christy Origan,99,65,620-87-8821,6435
Shannon Poulsen,1,140.6,327-14-9039,140.6
Nichols Dufoure,32,137.3,462-11-0877,4393.6
Lyman Greiswood,57,13.3,287-01-8797,758.1
Correy MacSkeagan,70,120.4,613-70-7956,8428
Cyrille Hebblethwaite,18,149.8,757-92-4431,2696.4
Aldis Spedroni,19,1.9,452-45-3137,36.1
Renate Eccleston,48,17.1,454-31-3163,820.8
Minny Grinstead,8,35.7,176-55-2331,285.6
Anthia Luney,96,3.1,501-58-1642,297.6
Faunie Wheeliker,50,86.6,814-66-5444,4330
Charlie Kermon,15,35.9,482-45-6245,538.5
Corene Rout,67,30.5,660-38-8985,2043.5
Constantino Zettler,99,149,444-74-1974,14751
Ryley Benge,72,99.9,783-74-3937,7192.8
Merridie Swindall,7,1.2,576-20-1556,8.4
Lacey Stopper,41,75,585-38-2729,3075
Bobby Gillimgham,74,8.8,400-06-1934,651.2
Noach Normanvill,29,31.8,473-44-7017,922.2
Neron Gribbins,4,152,201-74-1076,608
Gavan Callingham,99,36.7,257-04-4991,3633.3
Avigdor Arrault,50,139.2,640-63-8063,6960
Lydie Musk,25,86.8,114-53-6484,2170
Scotty Cray,25,22.7,221-64-5407,567.5
Bourke Waldron,12,67.4,886-67-1058,808.8
Braden Osler,69,53.9,176-72-7632,3719.1
Ernie McGiffin,86,45.4,303-38-4571,3904.4
Isaiah Gilligan,3,43.2,108-83-8152,129.6
Lloyd Durtnall,80,65.2,312-62-4239,5216
Janella Cratere,83,63.4,869-89-6385,5262.2
Bryant Brimley,67,63.4,519-48-2468,4247.8
Evanne Cossington,20,122.7,383-56-8226,2454
Quillan Ivamy,73,37.3,859-16-5975,2722.9
Sorcha Orr,25,72.3,219-41-9178,1807.5
Dorisa Bremner,3,42.4,747-41-5523,127.2
Cristin Barton,41,60.9,114-45-8761,2496.9
Grace Fenners,23,147.3,264-04-6201,3387.9
Gusti Nelligan,69,51.4,315-96-7488,3546.6
Xena Jamieson,78,92,408-37-1575,7176
Cathrin Cruddas,45,29.9,703-57-6053,1345.5
Carine Spores,57,42.8,530-95-1510,2439.6
Rudolf Rider,68,13.9,599-58-6960,945.2
Northrup Vequaud,12,151.2,466-15-8263,1814.4
Bernardo Matherson,92,0.3,573-42-1941,27.6
Tani Rumney,92,68.2,116-95-2059,6274.4
Melodee Guinane,46,137.2,838-07-0077,6311.2
Phyllida Dible,7,3.3,762-39-3278,23.1
Amata Cranidge,43,65.5,719-08-4084,2816.5
Ileane Prescott,30,50.3,646-29-8209,1509
Rickey McEvilly,41,32.7,212-69-7839,1340.7
Brod Easterling,30,79.9,865-91-7155,2397
Ileane Ruskin,85,46.3,641-46-3192,3935.5
Silvanus Minigo,66,132.3,255-21-5251,8731.8
Jenelle Stetlye,2,12.1,554-14-7042,24.2
Reta Stangroom,15,66.3,391-45-6326,994.5
Chad Baggarley,8,158.9,340-44-7717,1271.2
Alayne Hagstone,100,133.4,808-20-0408,13340
Kelsi Sweetnam,2,59,182-21-7053,118
Orella Severns,30,7.4,854-12-9207,222
Nessa Karim,97,70,837-01-7500,6790
Doro Kenen,15,24.9,622-96-6663,373.5
Mario Breton,89,16.2,582-24-8260,1441.8
Fernanda Brugger,39,151.4,218-61-7001,5904.6
Ford Stuart,73,147.5,577-27-4276,10767.5
Reggie Pound,50,64.8,448-07-8349,3240
Kennan Antonellini,57,147.5,100-61-3541,8407.5
Griffy Davidy,24,146.3,449-38-2785,3511.2
Ericka Rennick,43,71.3,646-76-4545,3065.9
Ashil Renals,90,55.9,756-73-5451,5031
Robin Swarbrigg,54,141.2,546-82-6637,7624.8
Isabella Demaid,56,153.7,164-59-2688,8607.2
Meara Marchiso,60,131,212-20-0290,7860
Sergei Toomer,42,87.9,843-45-2590,3691.8
Chelsea Fessby,62,83.4,479-54-5321,5170.8
Carlye Donnel,22,129.9,708-55-0779,2857.8
Kailey Brewin,14,16.5,510-43-7287,231
Tan Hart,2,140.5,366-52-6251,281
Ashlee Bransdon,76,94.3,819-99-5501,7166.8
Nikola Stanfield,6,74.6,233-23-2485,447.6
Humfrid England,78,93.8,384-17-5940,7316.4
Parker Brick,11,103.3,141-29-3183,1136.3
Talia Lunck,42,29.4,667-50-8607,1234.8
Tanner Seiler,65,145.3,553-89-9464,9444.5
Forest Emeline,37,152.1,316-25-6779,5627.7
Madge Tyrone,98,32.8,311-38-8856,3214.4
Danika Balderston,4,149.3,337-43-2790,597.2
Miles Casebourne,96,84.1,193-09-3974,8073.6
Wallas Devinn,85,30.7,863-44-2801,2609.5
Cooper Juggings,4,75.9,435-92-7217,303.6
Nertie Fancutt,20,120.9,640-78-1482,2418
Lynnell McLoney,32,82.5,519-79-0590,2640
Emyle Philbrick,24,97.3,753-74-9165,2335.2
Bartel Mattecot,29,145.6,634-90-6224,4222.4
Dotty De Bruyn,67,29.8,689-44-3582,1996.6
Anabella Cumbridge,82,64.8,408-38-1152,5313.6
Myrtia Enrico,81,2.2,885-90-7667,178.2
Hall Tebbs,80,83.5,127-06-6033,6680
Dilly Gillmor,28,46.4,407-62-5058,1299.2
Anita Grzelak,89,14.4,403-89-9731,1281.6
Gerrie Dulwitch,34,27.2,306-83-0990,924.8
Tobi Nance,6,59.4,870-69-2959,356.4
Stevana Macvain,84,93.9,134-90-3552,7887.6
Dunc Tuckley,93,118.2,722-57-0041,10992.6
Meyer Benger,98,109,119-92-9367,10682
Moss Tootal,47,158,444-33-7280,7426
Darrelle Slaight,44,68.7,785-40-2196,3022.8
Pammie Lamputt,20,41.3,625-34-1669,826
Mag Piddletown,91,12.9,408-38-8774,1173.9
Jerri Matas,91,103.3,730-51-3718,9400.3
Hayes Pedden,7,95,674-49-9346,665
Cammi Hansom,67,77.5,380-77-3990,5192.5
Celestyna Stimson,100,142.1,384-71-9598,14210
Thane Frearson,60,76.7,145-20-2043,4602
Nananne Ainscow,17,109.6,199-70-7984,1863.2
Koralle Culcheth,79,98.3,374-63-0232,7765.7
Vyky Linden,86,117,680-82-3402,10062
Orel Grimsdell,57,39,658-71-7296,2223
Candida Jakubovits,62,52.2,192-92-6491,3236.4
Bernhard Wimes,76,116.7,568-36-8248,8869.2
Vere Mifflin,81,134.3,452-88-7887,10878.3
Ansley Philippe,19,125.3,600-11-7210,2380.7
Lindsy Robken,74,89.3,859-53-6684,6608.2
Pail Sprague,89,58.9,173-72-0485,5242.1
Reiko Bartholomieu,69,26.8,178-67-8359,1849.2
Nicholas Pocknell,73,40,277-40-8664,2920
Liuka Pridmore,94,13,701-57-7180,1222
Damita Sterrie,76,112.9,251-32-7936,8580.4
Durant Siburn,52,1.1,195-41-8963,57.2
Paquito Nare,7,82.6,631-80-2798,578.2
Marline Tonkes,60,86.5,732-77-8472,5190
Berenice Sante,25,92.1,491-32-8073,2302.5
Shayna Haskett,10,126.6,220-33-0615,1266
Leodora Seage,72,81.1,685-46-2703,5839.2
Jessi MacIan,35,39.6,103-41-6040,1386
Katharine Hellens,57,5.2,261-20-5406,296.4
Randolph Isworth,73,63.5,477-55-8195,4635.5
Quintus Parysowna,94,47.9,650-20-7584,4502.6
Constantia Moggach,81,35.9,264-15-6782,2907.9
Marina Waryk,12,139.3,410-14-6143,1671.6
Ammamaria Waterhowse,3,159.8,171-24-7320,479.4
Carly Lathleiff,4,46,131-08-5911,184
Charlot Twomey,19,116.3,403-75-3027,2209.7
Klarrisa Whiteway,41,155.7,502-35-4030,6383.7
Karlene Slayton,62,71.1,875-84-7555,4408.2
Giana Kasper,3,138.4,567-06-4764,415.2
Miran Daulton,64,158.5,669-58-3874,10144
Gus Stidworthy,31,42.7,303-33-0398,1323.7
Petrina Rosthorn,24,131.4,626-84-2996,3153.6
Rawley O'Cooney,48,5.2,598-32-6103,249.6
Myrah Lamey,51,102.4,628-23-2425,5222.4
Olly McHenry,49,80.4,226-45-5060,3939.6
Katharina Aires,99,61,218-74-2294,6039
Artemas Sandwith,7,141.7,356-45-4904,991.9
Lucie Richarson,49,19.9,453-35-8975,975.1
Adolphe Bound,19,88.3,567-17-7871,1677.7
Lindon O'Rafferty,30,60.6,229-37-1983,1818
Georg Eads,75,28.9,316-78-9313,2167.5
Fannie Krook,79,132.2,512-29-0990,10443.8
Fielding Ponceford,1,23.2,604-37-9860,23.2
Lonna Guitel,41,103,593-98-2139,4223
Teodora Monkton,30,154.1,645-63-5275,4623
Lizzie Shortall,55,113.3,248-22-2937,6231.5
Ola Searchfield,85,87.3,196-47-2797,7420.5
Shawn Faughey,87,130.9,151-91-8996,11388.3
Laureen Conisbee,13,54.5,860-87-5207,708.5
Donnie Ollerhead,22,152.2,449-69-0652,3348.4
Miller Stiegar,66,13.5,701-24-4750,891
Celeste Wittman,26,79.8,695-97-9647,2074.8
Ellynn Riggoll,4,150.5,602-90-4761,602
Shoshanna Meeny,68,47.4,392-30-5791,3223.2
Fawne Paige,2,23.5,110-93-0444,47
Alana Payley,39,63.2,146-83-4754,2464.8
Devin Staining,77,78.3,274-71-4679,6029.1
Anthe Le Cornu,55,144.7,664-30-5366,7958.5
Wini Walsham,99,91.5,383-82-7968,9058.5
Stormy Olivi,38,121,891-01-7760,4598
Farlie Bogaert,88,115,304-41-5000,10120
Madalyn Goldstraw,44,155.3,554-66-9521,6833.2
Debera Wardel,99,130.7,277-97-3062,12939.3
Malissia Busher,26,59.8,707-21-0215,1554.8
Ozzy Larkcum,16,21.1,884-43-8661,337.6
Shari Audiss,50,77.8,413-65-8046,3890
Jack Kindred,81,120,563-79-1470,9720
Stern Hambers,39,89.7,311-71-1526,3498.3
Tad Garard,48,59.9,310-07-3360,2875.2
Perceval Tomek,39,78.6,421-02-2278,3065.4
Scottie Ferrari,100,29,226-74-8042,2900
Jock Dewer,44,68.7,158-16-5347,3022.8
Artus Crawford,10,47.3,445-03-5913,473
Maggy Croft,67,107.1,374-77-5212,7175.7
Beverly Bartozzi,15,151.5,844-34-4695,2272.5
Melany Leighfield,80,52.2,492-87-2783,4176
Harmony Halpeine,10,36.7,800-17-9207,367
Lodovico Smellie,42,95.7,820-67-2912,4019.4
Cassandre Clayson,6,155.5,730-04-6374,933
Fayette Coughan,80,14.2,868-52-1768,1136
Liza Civitillo,71,128.3,850-21-5338,9109.3
Anne Plumptre,88,148.8,175-19-2894,13094.4
Bobinette Stebbin,32,41.8,682-43-6306,1337.6
Dewitt Lelievre,80,117.3,341-37-5322,9384
Maximilian Carrell,82,132.2,163-15-7061,10840.4
Malcolm Rossborough,34,0,501-57-0080,0
Tresa Bubbear,87,118.1,184-65-5066,10274.7
Salli Amber,18,32.1,820-72-7792,577.8
Sandy Ackeroyd,27,41.1,196-85-1869,1109.7
Kerry Weald,2,9,515-65-1989,18
Kilian Auger,48,61.5,588-41-8404,2952
Alexa Condliffe,15,154.6,812-35-5470,2319
Desiree Lissemore,78,87.6,502-38-8956,6832.8
Baxter Attyeo,30,16.5,104-74-3915,495
Nola Eales,38,100.3,383-34-9122,3811.4
Gaultiero Rosenfield,26,45,384-71-4005,1170
Modesty Hopkynson,91,83.8,580-07-5022,7625.8
Zared Dudeney,12,139,234-94-8192,1668
Nigel Forseith,90,16,700-03-0566,1440
Ignatius Worgan,83,125.2,133-41-4898,10391.6
Jehanna Poynser,39,30.1,620-69-1387,1173.9
Melisa Waycott,19,41.5,626-43-6454,788.5
Clerkclaude Westbrook,9,16.3,279-94-8756,146.7
Genevra Bewshaw,42,33.7,244-79-9371,1415.4
Karine Chevers,81,153.7,437-73-9899,12449.7
Gayle Sterke,87,123.7,397-20-7650,10761.9
Dominga Harrema,70,5.1,825-97-4095,357
Brynn Vischi,8,77.1,570-06-0853,616.8
Rosaleen Tatton,27,79.3,597-32-5396,2141.1
Arielle Forcer,61,117.7,178-92-2806,7179.7
Babb Lear,60,115.1,451-06-5401,6906
Townie O'Sculley,94,121.7,177-95-6824,11439.8
Minni Sizland,78,139.6,828-51-9687,10888.8
Zahara Ellams,34,69.6,383-18-7367,2366.4
Cosette Rowlett,2,107.2,486-13-7084,214.4
Wallie Lissenden,67,41.8,297-37-2139,2800.6
Joyce Goodyer,94,5.4,602-43-4280,507.6
Verge Hessel,87,119.5,116-81-4666,10396.5
Aviva Grahlman,80,34.1,429-73-8537,2728
Mina Sanbrook,47,70.7,774-45-1836,3322.9
Kissiah Compston,43,96.2,485-37-1765,4136.6
Caye Blann,49,15.6,700-57-3674,764.4
Elizabeth Shires,36,159.5,838-45-6964,5742
Fayth Jesse,26,89.4,567-67-1781,2324.4
Sisile Hilbourne,40,75.6,187-23-7500,3024
Harold Cowden,97,25.2,388-48-2551,2444.4
Fenelia Britnell,92,78,882-86-4408,7176
Janenna Heakins,73,148.9,664-08-2884,10869.7
Gretchen Simakov,27,32.8,227-30-2893,885.6
Adler Blodget,98,100.2,359-90-9084,9819.6
Celeste Duplain,5,91.4,115-38-3154,457
Kelli Duck,22,95.7,271-53-6883,2105.4
Agnola Peet,60,60.5,423-79-7443,3630
Laurence Ison,74,131.7,535-23-0981,9745.8
Lee Weld,7,134.7,274-31-3826,942.9
Pearla Boame,22,31.9,326-48-9200,701.8
Bink Sandercock,55,44.9,233-34-0139,2469.5
Edwin Clementson,71,155.8,723-36-0793,11061.8
Mitchael Andrusyak,3,87.7,436-79-4186,263.1
Fran Khilkov,73,125.5,623-71-7952,9161.5
Peyter Ingreda,68,38.8,108-73-4327,2638.4
Culley Dabinett,14,141.9,691-57-2536,1986.6
Constancy Fuke,34,145.1,159-59-4954,4933.4
Donall Stokoe,58,0.2,672-92-0329,11.6
Derrik Hundall,98,23,193-40-8036,2254
Harley Leiden,77,79.4,625-56-4877,6113.8
Sinclair Petegre,23,75.5,200-18-4490,1736.5
Cariotta Gredden,98,83.8,634-93-4484,8212.4
Becki Carine,94,118.8,549-89-6148,11167.2
Antonie Lias,58,53.4,797-65-5414,3097.2
Carol-jean Georges,68,41.2,591-79-9618,2801.6
Augustin De Giorgi,72,101.5,356-60-6563,7308
Price Fotitt,66,100.4,492-69-5815,6626.4
Gar Paradin,16,101,225-69-1436,1616
Sollie Pavlenkov,85,82.9,284-36-4274,7046.5
Ellwood Coursor,31,59.3,433-80-2589,1838.3
Kettie Basterfield,37,115.6,195-07-9893,4277.2
Carmel Jeves,43,43.5,696-22-2920,1870.5
Susan Blanche,30,19.8,155-83-7176,594
Constantin Hurll,72,144.7,779-98-0501,10418.4
Nanny Cordingley,6,143.5,317-82-0432,861
Casey Strivens,5,100.4,773-31-7971,502
Baillie Saltman,49,96.3,205-09-3297,4718.7
Fletcher Hordell,69,132.7,157-42-5109,9156.3
Micheline Gillet,65,136.7,144-33-5358,8885.5
Mile Rambaut,28,129.7,506-58-0320,3631.6
Malissia Dennington,56,137.8,270-40-6274,7716.8
Zonda Crinson,76,34.5,291-88-6382,2622
Tawsha Rowlett,86,157,694-52-6893,13502
Amby Cheetham,30,6,665-90-9893,180
Randall Alexsandrovich,65,22.9,167-42-0969,1488.5
Heindrick Rue,37,57.7,789-12-9307,2134.9
Hulda Henmarsh,60,115.6,182-54-2355,6936
Elmira Dubber,99,156.8,334-25-5710,15523.2
Hobart Raund,70,6.1,587-17-9700,427
Georgena Beau,24,106.2,427-72-4082,2548.8
Cary Elman,3,85.8,547-68-1806,257.4
Giusto Le Sarr,46,9.1,800-92-1410,418.6
Johny Greedier,93,118.4,746-76-6034,11011.2
Fabe Busswell,57,19.5,861-99-1078,1111.5
Otes Gipson,24,11.2,863-97-3073,268.8
Any Sporle,51,27.1,277-18-5660,1382.1
Finlay Baigrie,52,120,339-99-9734,6240
Murry Lugg,61,55.7,247-70-0783,3397.7
Alanson Boylin,40,81.6,208-59-6316,3264
Beth Flucker,46,88.1,528-96-7643,4052.6
Lucius Brothwood,18,32,848-18-9293,576
Reiko Sutton,43,103,321-23-9421,4429
Binky Pastor,8,135,797-92-0838,1080
Torrie Beaconsall,68,83.4,819-63-5569,5671.2
Tabbitha Reap,47,93.2,592-45-4384,4380.4
Shelby Chadbourne,12,13.9,260-75-2429,166.8
Humfrid Neem,10,139.1,117-54-5604,1391
Elise Derrick,48,131.6,381-12-6851,6316.8
Brok Kennewell,13,23.8,226-67-4559,309.4
Artemus Grieve,93,32.6,714-35-3130,3031.8
Roland Flucker,14,107.2,379-79-0124,1500.8
Marianne Lambourne,14,82.1,173-90-3496,1149.4
Zonnya Farmer,40,53.1,883-65-9964,2124
Worth Exroll,50,92.6,261-45-6031,4630
Benedikta Anthiftle,67,91.1,456-91-8905,6103.7
Obediah Willimont,42,142.6,273-37-3205,5989.2
Gibbie McDuall,14,86.6,221-21-9572,1212.4
Annadiane Lotwich,55,2.3,350-79-9612,126.5
Woodie Hillen,9,116.8,626-40-8700,1051.2
Kerk Doelle,53,70.8,173-86-5109,3752.4
Lindsey Haward,21,90.7,568-05-1937,1904.7
Calli Colbron,4,138.5,484-18-6869,554
Shandeigh Pleven,30,146.1,642-82-3373,4383
Derrek Drinkhill,45,27.8,298-26-2297,1251
Beret Vinter,47,132.1,554-48-0289,6208.7
Frants Tamas,4,141.7,417-73-3124,566.8
Lamar Skentelbery,14,80.3,358-10-7775,1124.2
Judi Sapsed,7,147.2,434-62-3860,1030.4
Torrence Forward,58,160,207-12-3281,9280
Georgeanne Saveall,26,141.1,657-13-1262,3668.6
Clarey McCarry,16,32.1,832-15-0676,513.6
Thane Borchardt,53,49.9,356-42-6829,2644.7
Perri Winson,90,135,719-17-8805,12150
Brittne Joly,71,66.8,363-84-8779,4742.8
Anestassia Bestwall,48,9.1,614-61-1988,436.8
Mauricio Cluelow,78,13.6,832-49-8603,1060.8
Allistir Belli,62,23.3,793-46-7930,1444.6
Rory Fermer,18,123.9,466-03-3275,2230.2
Ailey Kisby,14,101.5,728-84-6266,1421
Cherice Patrie,97,14,826-35-0109,1358
Turner Follet,27,50.4,819-56-9495,1360.8
Martie Atley,60,119,352-70-9217,7140
Ranna Lamort,51,44.5,537-68-5283,2269.5
Sherwood Pentony,48,114.6,876-49-9671,5500.8
Orsola Hardy-Piggin,41,117.9,453-02-0950,4833.9
Madeleine Ramelet,58,76.5,323-80-7942,4437
Angus Pountney,37,76,262-80-7634,2812
Orton Spread,76,151.8,391-54-5304,11536.8
Gabie Emnoney,7,159.3,577-92-3524,1115.1
Vinita Plampin,93,17.8,531-97-2784,1655.4
Mechelle Molfino,88,139.2,624-99-2617,12249.6
Ragnar Cawthry,29,131.1,215-53-8577,3801.9
Fifine Prinett,85,8.2,314-79-1820,697
Calley Schaben,3,113.2,396-02-1148,339.6
Kate Blackborne,21,111.4,219-50-0083,2339.4
Lenee Huskinson,90,133.4,445-75-3434,12006
Birch Shegog,5,136.4,562-19-6495,682
Gillan Gowler,23,135.5,210-92-3169,3116.5
Joletta Wicks,7,151.7,802-43-7325,1061.9
Zebulon Loffel,25,101.3,213-66-2657,2532.5
Erin Ferrulli,97,88.6,359-66-6870,8594.2
Corena Brobak,52,130.8,783-93-0706,6801.6
Stacee Shotbolt,43,57.3,658-05-5778,2463.9
Jeanelle Peat,95,126.4,819-90-2089,12008
Bonny Barensen,46,95.9,151-16-4351,4411.4
Merilyn Setterthwait,75,104.4,222-85-9109,7830
Garold Jouannin,80,119.9,276-17-8383,9592
Germaine Collyear,84,62,802-26-5993,5208
Sanderson Bowdrey,68,12.4,812-20-2493,843.2
Rania Dymidowicz,66,113.4,621-34-9964,7484.4
Stormie Foyston,81,5.2,188-76-4284,421.2
Chloris Littlefield,53,113.7,386-12-5865,6026.1
Christina Bock,96,4.2,182-43-6856,403.2
Rhona Acutt,63,29,626-52-2008,1827
Meredith Iacobassi,82,65,278-94-1313,5330
Jo-ann Worsfield,16,42.3,514-07-4911,676.8
Renaud Andrelli,48,151.6,431-11-8504,7276.8
Jackson Hubbucke,26,3.5,578-94-5732,91
Rosalynd Leheude,2,126.2,478-99-4826,252.4
Brunhilda Prothero,94,73.2,455-30-4069,6880.8
Sadie Wiltsher,6,46.5,532-87-5849,279
Faulkner Hubbucks,81,93.7,399-57-0490,7589.7
Linnea Celez,49,39.7,510-13-5817,1945.3
Marijn Whitters,79,0.9,361-49-6522,71.1
Freddi Jellard,58,35.1,620-65-8806,2035.8
Darill Glewe,60,85.5,261-39-9686,5130
Gerardo Baddow,79,58.6,890-66-9962,4629.4
Bailey Haggett,81,21.4,891-21-5252,1733.4
Clyde Glandon,46,21.3,877-25-8305,979.8
Ban Pickthall,95,60.9,387-08-9737,5785.5
Claudie Wilcher,70,106.7,576-01-5735,7469
Shayne Jovicic,42,59.1,790-40-6938,2482.2
Boothe Forcer,57,33.9,437-39-5677,1932.3
Margarette Maillard,46,88,499-12-4162,4048
Evelin MacGahy,65,121.5,321-90-7687,7897.5
Damien Cantor,6,159.4,454-28-8178,956.4
Parrnell Athy,34,30.6,721-84-1316,1040.4
Adria Brittan,63,100.1,779-29-1323,6306.3
Sena Heaps,93,87.1,849-45-8147,8100.3
Claudine Remmers,42,130.2,655-43-1265,5468.4
Winona Delaprelle,34,80,586-24-3351,2720
Hilde Haslewood,64,118.3,201-49-0840,7571.2
Gaby Olek,33,115.2,895-73-4208,3801.6
Tucky Concklin,80,38.1,282-77-9385,3048
Amalea Carmody,36,103.5,140-40-2794,3726
Jarrod Tremaine,10,83,644-01-3440,830
Ediva Cokely,93,6.4,611-12-4017,595.2
Fulton Deniset,7,13.9,863-72-9599,97.3
Nerty Karsh,44,62,109-15-4561,2728
Marnie Aldwinckle,35,19.2,210-74-9494,672
Latrina Clampin,24,105,419-33-7721,2520
Ann-marie Ziemsen,64,137.8,400-18-0838,8819.2
Jimmy Nystrom,56,76.4,537-95-5120,4278.4
Web Rozier,46,9.9,671-26-2765,455.4
Cthrine Cowland,20,115.3,848-03-3955,2306
Selma Blench,27,13.2,155-06-2766,356.4
Nadean Collinson,94,60.3,810-59-3327,5668.2
Romola Heyburn,40,99.2,788-60-7762,3968
Gavra Rewan,72,70.2,778-73-9763,5054.4
Cad Mangeot,97,131.4,741-92-3314,12745.8
Tobe Powers,100,38.5,855-36-1199,3850
Chase Tookey,39,104.5,811-81-1031,4075.5
Grover Gentry,44,151.3,336-51-3953,6657.2
Aylmar Wyldes,35,108.5,845-20-5525,3797.5
Yank Salman,54,55.6,264-72-3581,3002.4
Van Poile,30,152.8,121-64-7727,4584
Darren Zuker,41,37.2,776-86-5815,1525.2
Rea Thirst,29,25.6,400-82-0540,742.4
Tildi Rengger,51,68.4,811-26-8902,3488.4
Anna-maria Yanyshev,58,28.6,218-70-2879,1658.8
Hallsy Hiddy,25,123.2,772-42-0149,3080
Jasmine Braney,15,151.6,578-97-1242,2274
Phylis Bernet,93,87.4,802-83-1276,8128.2
Steve Brownsworth,78,120.6,216-82-1590,9406.8
Forster Childes,57,154.9,489-03-2306,8829.3
Budd Collishaw,27,69.7,405-19-7714,1881.9
Regina Wheatcroft,97,27.9,189-87-6405,2706.3
Ross Heifer,89,129.2,394-20-8505,11498.8
Kendrick Throughton,94,35.9,437-02-7817,3374.6
Jasen Lemarie,47,41.9,743-41-5006,1969.3
Koren Petrolli,19,49.8,318-23-7009,946.2
Stacie Weald,11,51.6,109-39-5503,567.6
Ross Leckie,51,7.4,826-30-2815,377.4
Carri BoHlingolsen,53,73.1,234-04-9128,3874.3
Kirstin Thatcham,31,65,842-15-9332,2015
Lorry Ilchuk,54,37.2,819-49-1570,2008.8
Arabel Axel,37,134.1,188-44-6800,4961.7
Rosco Lantaph,53,68,344-50-8075,3604
Payton Venney,46,142.7,879-80-2475,6564.2
Rickert Guiot,57,68.4,246-08-4210,3898.8
Yorgos Renton,78,101.8,507-69-7061,7940.4
Wallache Gerold,92,144.6,346-12-6993,13303.2
Leonhard Nund,44,116.5,389-21-1259,5126
Kial Inderwick,79,120.1,419-97-2349,9487.9
Estell Calbrathe,16,126.9,561-50-5013,2030.4
Franny Bilfoot,80,59.3,137-28-2464,4744
Pennie Cleugher,17,28.8,425-56-9119,489.6
Selinda Bischop,21,60.7,418-22-0522,1274.7
Andra Meffan,32,125.1,459-18-9009,4003.2
Araldo Jauncey,10,45.2,534-31-5836,452
Jo-ann Le Leu,75,17.9,238-86-3510,1342.5
Friederike Barwell,18,18.2,260-59-8874,327.6
Grannie Stidston,19,123,637-33-9019,2337
Freeman Dedden,76,119,523-15-7146,9044
Janek Kik,18,148.8,478-17-6459,2678.4
Francois Hortop,97,106.9,351-70-5050,10369.3
Sholom Gleeton,32,139.9,406-81-2000,4476.8
Willard Alcido,81,41.2,450-80-1732,3337.2
Howard Gilhool,22,12.5,899-22-3132,275
Shelia Lodwig,32,39.1,334-75-6701,1251.2
Benedikta Oliveto,45,68.4,891-70-8816,3078
Angelique Staley,3,64.3,714-63-7876,192.9
Sherilyn Buxcey,23,123.7,317-68-3247,2845.1
Hedvig Yuryev,100,33.9,270-51-0081,3390
Patricia McBratney,39,114.8,791-80-3686,4477.2
Shea Buff,69,79.4,132-25-6217,5478.6
Annabella Sidnell,82,56.7,888-25-6023,4649.4
Fredericka Bogie,98,86.4,543-02-1556,8467.2
Corty Shackel,47,3.1,600-08-3052,145.7
Demetris Templeton,77,84.2,658-30-0402,6483.4
Tish Rodson,2,97,889-97-0693,194
Berny Kornyshev,54,4.7,885-09-7451,253.8
Lorrin Demead,33,131.4,358-29-9947,4336.2
Mireielle Lapping,96,152.3,542-31-4019,14620.8
Idalina Ghelarducci,96,68.3,481-57-6710,6556.8
Issiah Pippard,10,98,481-93-9257,980
Avrit Slaight,22,13,332-39-8029,286
James Grigaut,92,88.5,793-46-4429,8142
Davie Schultes,9,92.9,135-89-9695,836.1
Camile Sheen,29,28.2,716-69-8888,817.8
Cly Ioselev,15,89.1,583-80-2488,1336.5
Clemmy Suggett,79,85.5,493-44-8236,6754.5
Parke Raymen,66,100,504-21-2415,6600
Winnie McWaters,46,64.5,740-79-5608,2967
Goldia Brunke,94,18.3,788-27-3512,1720.2
Merry McGarahan,79,1,317-54-4087,79
Mark Kusick,48,92,773-26-2974,4416
Adolphus Yegorev,23,36.6,680-37-3255,841.8
Woodman Over,88,3.8,501-25-2663,334.4
Maryanna Pawson,33,90.6,792-96-6559,2989.8
Maegan Wyon,75,20.5,484-63-1395,1537.5
Liva Hengoed,64,111.4,793-22-7971,7129.6
Darcey Freyne,10,98.8,182-18-1595,988
Timofei Landsman,3,114.3,233-10-1533,342.9
Kinnie Larvin,59,18,448-68-1520,1062
Garvy Lestor,70,99.6,319-99-1638,6972
Johnnie McPhail,60,120.1,842-60-9810,7206
Terrye Palser,17,33.2,442-15-6842,564.4
Sylas McLinden,49,52.2,495-15-4709,2557.8
Emiline Chasmor,25,133.9,141-51-7830,3347.5
Bernetta Briscoe,37,47.3,251-41-0198,1750.1
Zared Sharp,28,27.7,863-44-8731,775.6
Sherwood Petkovic,52,141.7,447-25-8970,7368.4
Brenden Risdale,45,67.7,524-76-7719,3046.5
Obed Luigi,29,23.9,558-63-9465,693.1
Guido Cuningham,82,32.1,505-87-2011,2632.2
Alden Twelvetree,83,14.9,609-95-5224,1236.7
Gideon Fogden,89,68.1,668-68-2372,6060.9
Donalt Campelli,69,98.9,417-10-5399,6824.1
Fayette Casolla,63,145.3,645-21-1719,9153.9
Evaleen Poznan,91,66,839-32-8888,6006
Margit Inkpin,26,95.1,774-71-0944,2472.6
Teresita Clemence,91,38.6,435-35-3342,3512.6
Clo Yerby,34,100.3,366-29-2343,3410.2
Allister Margiotta,76,117.9,295-63-9742,8960.4
Corie Lamborn,5,28,801-15-2124,140
Tawsha Steinson,69,20.9,695-89-6642,1442.1
Mufinella Killerby,2,144.9,773-59-6994,289.8
Maynord Ambrosi,95,90.1,349-59-4675,8559.5
Adey Derges,58,44.4,249-45-7907,2575.2
Beck Kleisel,23,117,352-31-7338,2691
Gnni Been,27,83.2,517-65-1297,2246.4
Marwin Dudin,48,57.5,628-03-1967,2760
Benedikta Mallya,80,123.2,181-78-9557,9856
Maire Libbie,79,45.6,599-64-9296,3602.4
Jessey Bassano,12,39.7,686-81-8052,476.4
Dario Cantero,91,94.4,254-37-5022,8590.4
Yul Slidders,57,58.6,519-29-1143,3340.2
Joellen Beurich,27,50.6,737-27-3872,1366.2
Kingsly Morton,62,10,803-27-0480,620
Garrot Caulcutt,25,30.7,807-44-3565,767.5
Sherlock Swatheridge,29,28.4,579-01-0430,823.6
Brigida McMorland,75,62,698-39-8592,4650
Leonore Spratling,13,52.7,899-33-8096,685.1
Cob O'Sharkey,63,12.4,101-25-0077,781.2
Chantal Frankiewicz,9,127.8,448-61-4527,1150.2
Nariko Ramme,15,98.5,858-24-7395,1477.5
Carlin Veschi,5,129.9,291-88-5364,649.5
Talia Wharlton,75,157.8,399-12-0864,11835
Alex Glassup,72,15.7,861-06-1879,1130.4
Kennith Michie,21,19.9,263-44-8091,417.9
Honor Edser,6,56.6,521-76-8968,339.6
Jareb Nafzger,61,83.3,715-98-7245,5081.3
See Hilley,72,53.1,402-64-5702,3823.2
Lynett Wiszniewski,78,53.6,174-72-6783,4180.8
Pieter Scotchmor,24,133.2,757-70-9932,3196.8
Terrance Tissiman,23,141,661-83-2527,3243
Modesty Vasiliu,26,24.1,769-36-1725,626.6
Reinhold McKevany,16,28.5,646-47-7966,456
Si Conan,43,121.9,183-57-2746,5241.7
Lorette Levett,22,60.4,191-94-1977,1328.8
Shoshanna Dommersen,3,41.9,867-76-9933,125.7
Daniel Prall,64,101.1,569-19-5903,6470.4
Darci Durak,34,101.3,457-48-4967,3444.2
Wilfrid Basile,100,84.6,647-14-0619,8460
Elsbeth Channer,33,1.4,683-09-2809,46.2
Kania Merigot,19,110.5,816-74-4343,2099.5
Annalise Easthope,89,23.7,623-99-4676,2109.3
Trey Baldam,57,95.9,188-77-3712,5466.3
Vinnie Clowley,32,124.2,550-37-3401,3974.4
Mechelle Lello,66,30.8,752-85-6924,2032.8
Perl Reame,64,9.4,822-86-5951,601.6
Leena Brealey,40,82.4,759-06-7684,3296
Bernice Barents,53,6.3,469-39-0581,333.9
Kipper Bailiss,54,67.1,555-28-0047,3623.4
Katerine Pretty,65,5.8,887-40-7427,377
Rina Millen,74,44.9,752-09-8221,3322.6
Rachelle Cranshaw,63,30.8,826-80-2148,1940.4
Lisette Vaggers,41,21.7,685-72-5102,889.7
Celisse Nawton,46,87.4,512-36-8215,4020.4
Dael Kidston,86,58,510-53-4484,4988
Jori Lockart,35,105.1,580-75-5082,3678.5
Inigo Sorrell,16,23.7,699-41-0055,379.2
Joletta O'Sculley,96,40,624-13-4795,3840
Neely Rofe,71,158,376-74-9609,11218
Alisha Fumagall,75,120.4,331-97-0273,9030
Redd Kliemann,38,98,585-86-8567,3724
Colby Sedgemore,84,109.2,582-07-1799,9172.8
Barbie Mitskevich,33,131.9,626-13-3420,4352.7
Levy Holburn,98,20,835-49-1844,1960
Teodor Whales,8,148.2,885-95-1746,1185.6
Alysa Feavearyear,49,11.4,556-66-1602,558.6
Kennedy Fleis,100,136.2,814-07-8960,13620
Galvan Riches,68,69.5,646-40-5126,4726
Aldous Clara,61,108.3,102-57-7629,6606.3
Virgilio Hammersley,55,47.6,649-36-9935,2618
Tyrone Marchington,59,6.3,111-21-5751,371.7
Cammi Stedson,50,139.8,450-19-8788,6990
Adora Conford,57,90,673-17-4099,5130
Norene Sandal,67,108.6,248-03-7594,7276.2
Eugenio Fawdrey,6,121.8,177-59-7867,730.8
Cordell Danzey,89,42.8,179-84-2591,3809.2
Willette Bleckly,74,145.9,845-19-8650,10796.6
Marlane Delaney,19,37.5,852-25-9604,712.5
Costanza Golt,55,152.2,754-41-8620,8371
Dinnie Schapero,23,77.8,102-51-2762,1789.4
Lorena Itzcovichch,19,12.2,872-56-6106,231.8
Quint Maddocks,66,85.3,711-30-9518,5629.8
Heall Thorrold,24,112.1,784-49-3451,2690.4
Priscilla Laurenty,19,87.2,636-87-9399,1656.8
Errick Forsyde,35,156.4,485-33-2438,5474
Kamila Fittis,76,127.4,869-13-4809,9682.4
Ty Sigfrid,87,104.7,508-44-0071,9108.9
Brion Schutter,1,56.3,198-06-8466,56.3
Jeniffer Doncaster,35,52.3,200-97-0816,1830.5
Garvey O'Bradain,17,95.3,301-93-9358,1620.1
Eldridge Joye,95,58.2,564-82-4551,5529
Didi Ifill,3,149,735-36-8521,447
Ainsley Chatain,98,109.4,253-66-7089,10721.2
Ephraim Karsh,41,17.8,540-48-0783,729.8
Domenic Heiner,66,67.1,616-92-6033,4428.6
Clarette Costelloe,74,94.7,543-49-6538,7007.8
Moishe McClenan,15,60.4,110-77-5057,906
Kara Rummery,46,16.2,196-96-5582,745.2
Hastie Shipton,78,95.7,558-41-0137,7464.6
Filmer Ager,19,71.9,216-76-3326,1366.1
Amandy Swiggs,9,145.6,563-32-3865,1310.4
Bess Rubberts,19,123.9,544-61-1664,2354.1
Neilla Creffeild,58,157.4,774-01-3519,9129.2
Brig Jone,57,107.2,421-21-1698,6110.4
Myrna Egginton,79,155.8,114-33-8084,12308.2
Theressa Tunna,3,106.5,326-92-4055,319.5
Barbabas Blaymires,80,22,842-08-9052,1760
Miller Dorbin,58,29,134-18-3837,1682
Ora Leipoldt,44,51.7,589-53-1652,2274.8
Lezley Halahan,66,73.3,209-38-7844,4837.8
Francesca Stembridge,36,36,273-50-1882,1296
Alis Haddon,60,2.8,325-13-7213,168
Haily Piddletown,76,58.7,249-28-8022,4461.2
Emmit Libero,41,86.2,291-75-9843,3534.2
Aloysius Farley,36,28.4,522-85-5963,1022.4
Cherida Pargeter,57,40,357-57-2270,2280
Lory Jacklings,25,59.6,721-74-0907,1490
Dorri Meffin,5,12.8,662-38-1331,64
Gasper Thrustle,84,111.3,108-80-9919,9349.2
Kelbee Shilleto,50,90.8,478-86-5206,4540
Dorise M'cowis,7,78.5,774-10-6822,549.5
Jacinta Munt,91,155.9,782-05-2807,14186.9
Jere Olyfant,63,42.6,250-28-3177,2683.8
Carlie Fynan,45,59.5,864-72-2163,2677.5
Karoly Deveril,97,37.1,108-67-2677,3598.7
Garek Tregoning,32,108.7,435-43-4035,3478.4
Bil Crack,42,133.8,526-67-3657,5619.6
Alex Perkis,60,153.1,623-60-8324,9186
Caria MacFarland,62,152.6,644-03-9620,9461.2
Bennie Bullent,74,51.3,672-67-5244,3796.2
Car Sollis,94,15.9,144-08-6419,1494.6
Koralle Kempe,6,75.5,210-85-3172,453
Mindy Rowden,22,90.8,357-92-6548,1997.6
Ynez Paskell,6,43.7,702-31-1787,262.2
Roosevelt Kemston,69,146.4,668-23-6156,10101.6
Rickard Hallford,78,94.3,558-02-3288,7355.4
Jocelyn McCrillis,60,11.7,648-80-5744,702
Alethea Moakler,86,76.1,391-81-9718,6544.6
Davida Kuscha,1,90.4,165-35-1386,90.4
Rahel Dadswell,46,97.6,695-16-4804,4489.6
Wilone Yter,4,34.2,486-23-1636,136.8
Brennen Headly,70,131.9,548-77-8686,9233
Reinaldos Kitson,39,39.5,784-99-4292,1540.5
Tony Hedley,58,61.5,230-97-9466,3567
Kermit Charrington,38,36.2,625-28-9076,1375.6
Toinette Colledge,2,47.5,880-01-4717,95
Cobby Flancinbaum,59,2.7,812-66-7556,159.3
Zora Hyndson,50,62,504-39-4549,3100
Angeli Korba,19,46.4,388-54-4054,881.6
Sherye Ebdin,49,26.8,835-90-3185,1313.2
Catherine Petras,85,48.1,728-22-9271,4088.5
Darbee Dowderswell,94,77.1,351-72-8740,7247.4
Vitia Presley,2,30,572-61-1768,60
Hayden Longthorne,57,1.1,507-36-1550,62.7
Gaven Belle,72,86.1,231-83-3827,6199.2
Jeff Mussen,67,117.1,138-17-8744,7845.7
Toby Puzey,81,157.9,842-15-7118,12789.9
Ximenes Veelers,89,17.8,764-67-6142,1584.2
Ardath Shellsheere,28,138.7,266-01-7887,3883.6
Constantin Kocher,52,71.2,292-78-4869,3702.4
Arlyne Pardy,19,110.4,116-90-0419,2097.6
Dillon Geratt,52,51.1,542-91-3762,2657.2
Juli Tommei,72,33.7,776-25-0868,2426.4
Constantia Davers,9,134.8,233-28-3345,1213.2
Eben Bruck,4,83.4,563-91-7674,333.6
Dannye Culpan,46,133.2,667-95-2498,6127.2
Cherianne Oats,85,117.1,754-06-6673,9953.5
Angie McAvey,15,120.1,137-82-7245,1801.5
Avie Sandels,98,6.7,780-08-5757,656.6
Josey Gillbee,43,52.9,598-60-2705,2274.7
Rena Worboys,58,20.1,839-52-3190,1165.8
Adrian Hakonsson,46,124.4,268-90-7735,5722.4
Augy Viney,47,43.6,159-58-2654,2049.2
Letti Duinbleton,42,3.8,880-41-2494,159.6
Bernadene Langham,29,13.8,131-99-8501,400.2
Janice Bee,84,68,803-61-4659,5712
Clemmy Okell,31,153.5,532-74-9925,4758.5
Lanny Warratt,58,102.6,602-90-7023,5950.8
Tiphani Velez,93,145.6,505-93-7145,13540.8
Tymon Di Angelo,49,57.6,424-21-2278,2822.4
Abeu Cramp,91,147.8,528-36-9584,13449.8
Billie Alderman,87,128.8,295-91-3802,11205.6
Lanny Serjeant,75,126,135-65-9632,9450
Rikki Whittock,71,33.7,688-01-3625,2392.7
Derek Aizic,49,60,589-32-2820,2940
Neila Clemetts,99,19.5,214-52-0720,1930.5
Sonja Downey,91,134.3,600-96-1271,12221.3
Orv Burth,100,53.8,696-18-8617,5380
Hamish Donke,67,99.1,855-76-0039,6639.7
Tiffanie Scambler,66,98.3,408-38-6154,6487.8
Florance Urlin,78,72.8,770-99-8718,5678.4
Demetrius Baldassi,18,137.9,791-19-9276,2482.2
Clara Grafom,61,8.8,271-96-4415,536.8
Cleon MacGibbon,97,61,824-51-0836,5917
Sondra Grishanin,29,108.7,761-70-8626,3152.3
Vittorio Service,78,32.6,832-35-2045,2542.8
Lindsey Osborn,91,110.9,569-51-2029,10091.9
Sutherland Odam,47,64.7,111-26-3307,3040.9
Frank Peirson,93,65.3,391-88-2450,6072.9
Kanya Oldfield-Cherry,82,95.9,711-11-6609,7863.8
Bennie Klemt,11,7.1,789-22-1327,78.1
Jammal Lingwood,42,51.6,678-86-8918,2167.2
Sigismundo Ofener,85,3.1,248-90-3820,263.5
Issiah Matskevich,44,122,692-18-2071,5368
Gaultiero Keoghane,67,116.7,579-85-7683,7818.9
Celene Cornwall,62,98.3,697-85-6895,6094.6
Griffy Knell,4,145.2,696-81-1120,580.8
Fawnia Kirkup,18,21.5,656-32-2391,387
Jerome Geindre,85,5.7,677-50-4893,484.5
Brinna Bowle,78,51.3,600-68-4253,4001.4
Kylila Willcot,22,29.8,664-67-7281,655.6
Helyn Graalmans,90,23.7,791-94-5555,2133
Grazia Delagua,97,39.3,873-23-1728,3812.1
Willyt Crumb,49,45.3,587-77-0870,2219.7
Merissa Simanek,50,63.3,830-85-3639,3165
Jennie Jankovsky,3,98.2,320-56-1061,294.6
Bella Batsford,72,101.2,206-71-4154,7286.4
Horton Sabater,9,16.3,703-61-5583,146.7
Colet Goodrich,31,53.5,508-86-7124,1658.5
Gypsy Jeary,86,124.6,438-76-5584,10715.6
Matelda Robion,66,91.7,784-92-2433,6052.2
Kennan Hook,73,119.4,317-49-8427,8716.2
Jeana Piccop,2,86.5,791-28-0125,173
Berkley Donan,59,70.2,601-82-7489,4141.8
Drucie Northgraves,97,54.6,235-55-9767,5296.2
Garrick Corrington,91,61,777-26-0399,5551
Georgiana Meeks,6,122.3,828-86-7013,733.8
Bren Bushell,17,127.1,511-27-3776,2160.7
Allan Yaakov,29,59.7,445-88-8208,1731.3
Gretel Donnersberg,79,125.6,197-93-3952,9922.4
Binny Widdison,12,120,338-27-6579,1440
Obadias Febre,84,155.9,855-30-8504,13095.6
Bren Sieve,64,97.1,358-94-2935,6214.4
Dore O'Giany,63,29.4,325-88-0861,1852.2
Caro Fitzpatrick,85,34.9,451-74-8798,2966.5
Keene Aikin,59,57.8,419-32-5472,3410.2
Kienan Schapiro,72,121.5,639-19-1651,8748
Bev Folini,6,96.2,729-57-6970,577.2
Tremaine Adolthine,39,32.9,458-22-2115,1283.1
Amandie Warkup,67,56.3,492-32-2600,3772.1
Eldredge Jekyll,88,2.8,151-32-6124,246.4
Rina Chatters,23,22.4,406-52-4810,515.2
Jayson Covotti,32,82.8,586-06-8081,2649.6
Aubert De Gowe,7,115,723-64-7851,805
Lorilee Gounin,5,103.3,742-13-2440,516.5
Kaycee Keford,46,137.5,147-37-4108,6325
Marven Bohl,41,99.9,111-27-1712,4095.9
Jamey Whines,55,29.3,227-87-5666,1611.5
Katha Shoebrook,42,137.7,181-24-6859,5783.4
Samaria Rapaport,31,137,317-24-7631,4247
Ingrid Wheeldon,32,86.3,326-46-8816,2761.6
Alf Nast,1,41.2,343-60-3641,41.2
Wilfred Chatel,86,147,489-40-1528,12642
Rudyard MacGorrie,83,37.4,614-18-9072,3104.2
Candide Gatty,12,98.3,357-90-5711,1179.6
Ula Standley,26,51.3,389-36-5252,1333.8
Merline Lafoy,7,154.2,154-88-2228,1079.4
Randell Woltman,1,11.1,438-58-7940,11.1
Chelsae Khrishtafovich,63,113.8,793-70-8143,7169.4
Estrella Eastup,86,100,101-43-8728,8600
Jehanna Wiggall,42,58,523-18-9312,2436
Bibi Peirazzi,37,47.7,881-97-3328,1764.9
Tobi Conahy,87,140.3,117-22-5367,12206.1
Donnajean Lankester,44,140.9,169-46-6227,6199.6
Netty McCrohon,4,91.3,867-94-6208,365.2
Maddie Laughren,91,103.8,821-10-5695,9445.8
